<?xml version="1.0" encoding="UTF-8"?>
<!DOCTYPE suite SYSTEM "http://testng.org/testng-1.0.dtd">
<suite name="Suite">
  <test name="Test">
    <classes>
      <class name="pms.JobStatusTest"/>
      <class name="pms.JobsHistoryTest"/>  
      <class name="pms.JobsUpdatingTest"/>
       <class name="pms.JobupdatingDailyTest"/>
      <!--  <class name="pms.UnplannedJobDetailsTest"/> -->
       <class name="pms.CriticalEquipmentTest"/>
       <class name="pms.EquipmentRelHistoryTest"/>
       <class name="pms.MachineryRunningHoursTest"/>
         <class name="pms.CopyRunHourTest"/>
         
    </classes>
  </test> <!-- Test -->
</suite> <!-- Suite -->
