<?xml version="1.0" encoding="UTF-8"?>
<!DOCTYPE suite SYSTEM "http://testng.org/testng-1.0.dtd">
<suite name="Suite">
  <test name="Test">
    <classes>
      <class name="Vetting.VettingPlannerTest"/>
      <class name="Vetting.VettingIndexTest"/> 
       <class name="Vetting.ObservationIndexTest"/>
   <!--    <class name="Vetting.VettingQuestionnaireTest"/> -->
    <!--   <class name="TestCases.VettingLibraryTest"/> -->
    </classes>
  </test> <!-- Test -->
</suite> <!-- Suite -->
