<?xml version="1.0" encoding="UTF-8"?>
<!DOCTYPE suite SYSTEM "http://testng.org/testng-1.0.dtd">
<suite name="Suite">
  <test name="Test">
    <classes>
	<class name="VesselInspection.InspectionIndexTest" />
	<class name="VesselInspection.QuestionBankTest" />
	<class name="VesselInspection.ChecklistTypeTest" />
	<class name="VesselInspection.ChecklistTest" />
	<class name="VesselInspection.ChecklistCreationTest" />
      
    </classes>
  </test> <!-- Test -->
</suite> <!-- Suite -->
