<?xml version="1.0" encoding="UTF-8"?>
<!DOCTYPE suite SYSTEM "http://testng.org/testng-1.0.dtd">
<suite name="Suite">
  <test name="Test">
    <classes>
      <class name="reports.PortStateTest"/>
      <class name="reports.IncidentsPersonalTest"/>
      <class name="reports.IncidentsPollutionTest"/>
      <class name="reports.IncidentsDeathTest"/>
      <class name="reports.IncidentsInjuryTest"/>
     <!--  <class name="reports.VettingReportsTest"/> -->
      <class name="reports.NearMissesTest"/>
    </classes>
  </test> <!-- Test -->
</suite> <!-- Suite -->
